[
    {"question": "Janet’s ducks lay 16 eggs per day. She eats three for breakfast every morning and bakes muffins for her friends every day with 12. She sells the remainder at the farmers' market daily for $2 per fresh duck egg. How much in dollars does she make every day at the farmers' market?", "answer": "$2"},
    {"question": "A robe takes 2 bolts of blue fiber and half that much white fiber and 3 hours of time to make it. How many bolts in total does it take?", "answer": "3"},
    {"question": "Josh decides to try flipping a house. He buys a house for $80,000 and then puts in $60,000 in repairs. This increased the value of the house by 150% Then he cost $30000 for advertisement. How much profit did he make?", "answer": "$30000"},
    {"question": "Toulouse has 4 as many sheep as Charleston. Charleston has 1/4 times as many sheep as Seattle. How many sheep do Toulouse, Charleston, and Seattle have together if Seattle has 20 sheep?", "answer": "20"},
    {"question": "", "answer": ""},  
    {"question": "", "answer": ""},  
    {"question": "", "answer": ""},  
    {"question": "", "answer": ""},  
    {"question": "", "answer": ""},  
    {"question": "", "answer": ""},  
    {"question": "", "answer": ""},  
    {"question": "", "answer": ""},  
    {"question": "", "answer": ""},  
    {"question": "", "answer": ""},  
    {"question": "", "answer": ""},  
    {"question": "", "answer": ""}     
]
